CustomerID,FirstName,LastName,Email,Location
1,Laura,Smith,user1@email.com,Chicago
2,Laura,Brown,user2@email.com,Houston
3,Alex,Jones,user3@email.com,Chicago
4,John,Brown,user4@email.com,Houston
5,John,Johnson,user5@email.com,Miami
6,Alex,Brown,user6@email.com,Chicago
7,Alex,Brown,user7@email.com,New York
8,Laura,Johnson,user8@email.com,Chicago
9,Alex,Williams,user9@email.com,Los Angeles
10,Chris,Smith,user10@email.com,Houston
11,Emily,Williams,user11@email.com,Houston
12,Laura,Smith,user12@email.com,Houston
13,Emily,Williams,user13@email.com,New York
14,Alex,Smith,user14@email.com,Los Angeles
15,Emily,Smith,user15@email.com,Los Angeles
16,Emily,Johnson,user16@email.com,New York
17,Alex,Brown,user17@email.com,New York
18,Alex,Brown,user18@email.com,Miami
19,Chris,Smith,user19@email.com,Chicago
20,Laura,Jones,user20@email.com,Miami
21,Chris,Williams,user21@email.com,Chicago
22,Alex,Jones,user22@email.com,New York
23,Chris,Johnson,user23@email.com,Houston
24,Alex,Jones,user24@email.com,Miami
25,John,Brown,user25@email.com,Chicago
26,Chris,Smith,user26@email.com,Chicago
27,John,Jones,user27@email.com,Los Angeles
28,Alex,Williams,user28@email.com,Houston
29,Chris,Williams,user29@email.com,Los Angeles
30,Alex,Johnson,user30@email.com,Miami
31,Jane,Williams,user31@email.com,Miami
32,Emily,Brown,user32@email.com,Houston
33,Laura,Jones,user33@email.com,Los Angeles
34,John,Smith,user34@email.com,Los Angeles
35,John,Smith,user35@email.com,Houston
36,Laura,Williams,user36@email.com,Houston
37,Alex,Johnson,user37@email.com,Los Angeles
38,Chris,Williams,user38@email.com,Los Angeles
39,Emily,Williams,user39@email.com,New York
40,Laura,Jones,user40@email.com,Houston
41,Laura,Williams,user41@email.com,New York
42,Alex,Jones,user42@email.com,Miami
43,Emily,Smith,user43@email.com,Houston
44,John,Jones,user44@email.com,Miami
45,Chris,Smith,user45@email.com,Houston
46,Emily,Brown,user46@email.com,Houston
47,Alex,Smith,user47@email.com,New York
48,Laura,Brown,user48@email.com,New York
49,Chris,Brown,user49@email.com,Houston
50,Chris,Williams,user50@email.com,New York
51,Laura,Jones,user51@email.com,Los Angeles
52,Laura,Jones,user52@email.com,Miami
53,John,Smith,user53@email.com,New York
54,John,Williams,user54@email.com,Los Angeles
55,Laura,Jones,user55@email.com,Chicago
56,Alex,Williams,user56@email.com,Los Angeles
57,Chris,Jones,user57@email.com,Miami
58,Emily,Jones,user58@email.com,Chicago
59,Alex,Jones,user59@email.com,Miami
60,Chris,Williams,user60@email.com,Los Angeles
61,Chris,Smith,user61@email.com,Miami
62,Alex,Johnson,user62@email.com,Los Angeles
63,Emily,Williams,user63@email.com,Miami
64,Jane,Smith,user64@email.com,Miami
65,Jane,Smith,user65@email.com,Chicago
66,Jane,Williams,user66@email.com,Houston
67,Emily,Jones,user67@email.com,Los Angeles
68,Alex,Johnson,user68@email.com,Los Angeles
69,Alex,Brown,user69@email.com,Houston
70,Laura,Johnson,user70@email.com,Los Angeles
71,Laura,Brown,user71@email.com,Los Angeles
72,Chris,Jones,user72@email.com,New York
73,Emily,Williams,user73@email.com,Chicago
74,Alex,Smith,user74@email.com,Miami
75,Chris,Johnson,user75@email.com,Chicago
76,Emily,Jones,user76@email.com,Chicago
77,Emily,Johnson,user77@email.com,Los Angeles
78,Jane,Williams,user78@email.com,Los Angeles
79,Emily,Johnson,user79@email.com,New York
80,John,Brown,user80@email.com,Los Angeles
81,Emily,Brown,user81@email.com,Miami
82,John,Johnson,user82@email.com,Chicago
83,John,Williams,user83@email.com,New York
84,Jane,Smith,user84@email.com,Houston
85,Laura,Smith,user85@email.com,Houston
86,John,Smith,user86@email.com,New York
87,Jane,Williams,user87@email.com,Chicago
88,Laura,Smith,user88@email.com,New York
89,Jane,Smith,user89@email.com,Houston
90,Jane,Williams,user90@email.com,Los Angeles
91,Jane,Brown,user91@email.com,Chicago
92,John,Johnson,user92@email.com,New York
93,Jane,Jones,user93@email.com,Chicago
94,Chris,Williams,user94@email.com,Chicago
95,Alex,Williams,user95@email.com,New York
96,Laura,Jones,user96@email.com,Miami
97,Emily,Jones,user97@email.com,Los Angeles
98,Laura,Smith,user98@email.com,Chicago
99,Emily,Smith,user99@email.com,Houston
100,Alex,Williams,user100@email.com,Los Angeles
101,Emily,Jones,user101@email.com,Chicago
102,Jane,Johnson,user102@email.com,Los Angeles
103,Alex,Brown,user103@email.com,Chicago
104,Chris,Jones,user104@email.com,Miami
105,Alex,Williams,user105@email.com,Chicago
106,Alex,Brown,user106@email.com,Houston
107,Alex,Williams,user107@email.com,Chicago
108,John,Jones,user108@email.com,Los Angeles
109,Alex,Williams,user109@email.com,Los Angeles
110,Jane,Johnson,user110@email.com,Miami
111,Jane,Johnson,user111@email.com,Chicago
112,Laura,Johnson,user112@email.com,Los Angeles
113,John,Brown,user113@email.com,Houston
114,Laura,Brown,user114@email.com,Chicago
115,Chris,Brown,user115@email.com,Houston
116,Alex,Williams,user116@email.com,Los Angeles
117,Chris,Smith,user117@email.com,Los Angeles
118,Chris,Smith,user118@email.com,Houston
119,Laura,Jones,user119@email.com,Los Angeles
120,Laura,Brown,user120@email.com,Chicago
121,Laura,Smith,user121@email.com,Chicago
122,Chris,Johnson,user122@email.com,Chicago
123,Jane,Brown,user123@email.com,Chicago
124,Laura,Johnson,user124@email.com,Miami
125,Chris,Jones,user125@email.com,Houston
126,Emily,Johnson,user126@email.com,New York
127,Emily,Jones,user127@email.com,Houston
128,Chris,Smith,user128@email.com,Chicago
129,Alex,Jones,user129@email.com,New York
130,Emily,Smith,user130@email.com,Chicago
131,Emily,Johnson,user131@email.com,Miami
132,Chris,Brown,user132@email.com,Houston
133,Alex,Jones,user133@email.com,Los Angeles
134,Chris,Smith,user134@email.com,Miami
135,John,Jones,user135@email.com,Los Angeles
136,Laura,Smith,user136@email.com,New York
137,Alex,Jones,user137@email.com,Chicago
138,Alex,Brown,user138@email.com,New York
139,Jane,Smith,user139@email.com,Chicago
140,Jane,Johnson,user140@email.com,Houston
141,Jane,Smith,user141@email.com,Chicago
142,Laura,Johnson,user142@email.com,Chicago
143,Jane,Brown,user143@email.com,New York
144,John,Brown,user144@email.com,New York
145,Alex,Smith,user145@email.com,Houston
146,Jane,Williams,user146@email.com,Chicago
147,Jane,Johnson,user147@email.com,Houston
148,Alex,Jones,user148@email.com,Houston
149,John,Brown,user149@email.com,New York
150,Emily,Smith,user150@email.com,New York
151,Alex,Jones,user151@email.com,Los Angeles
152,Laura,Williams,user152@email.com,Los Angeles
153,Alex,Jones,user153@email.com,Miami
154,John,Jones,user154@email.com,Chicago
155,Alex,Jones,user155@email.com,Houston
156,John,Brown,user156@email.com,Los Angeles
157,John,Brown,user157@email.com,Miami
158,Alex,Smith,user158@email.com,Los Angeles
159,Alex,Smith,user159@email.com,Los Angeles
160,Jane,Brown,user160@email.com,Los Angeles
161,Jane,Williams,user161@email.com,Chicago
162,John,Johnson,user162@email.com,Los Angeles
163,Jane,Smith,user163@email.com,Houston
164,Alex,Jones,user164@email.com,Los Angeles
165,John,Smith,user165@email.com,Los Angeles
166,Laura,Williams,user166@email.com,New York
167,Alex,Williams,user167@email.com,Los Angeles
168,Laura,Johnson,user168@email.com,Miami
169,Emily,Jones,user169@email.com,Chicago
170,Jane,Johnson,user170@email.com,Chicago
171,Alex,Brown,user171@email.com,Miami
172,Chris,Jones,user172@email.com,Houston
173,John,Johnson,user173@email.com,New York
174,Alex,Johnson,user174@email.com,Chicago
175,Alex,Williams,user175@email.com,Chicago
176,Jane,Johnson,user176@email.com,Los Angeles
177,John,Brown,user177@email.com,Chicago
178,Alex,Williams,user178@email.com,Los Angeles
179,Chris,Jones,user179@email.com,New York
180,Chris,Smith,user180@email.com,Chicago
181,Emily,Johnson,user181@email.com,New York
182,Jane,Johnson,user182@email.com,Chicago
183,Chris,Brown,user183@email.com,New York
184,Emily,Williams,user184@email.com,Chicago
185,Alex,Johnson,user185@email.com,Houston
186,Chris,Brown,user186@email.com,Chicago
187,Laura,Johnson,user187@email.com,Los Angeles
188,Chris,Williams,user188@email.com,New York
189,John,Williams,user189@email.com,New York
190,Alex,Jones,user190@email.com,New York
191,Laura,Williams,user191@email.com,Houston
192,John,Jones,user192@email.com,Chicago
193,John,Williams,user193@email.com,Los Angeles
194,Jane,Johnson,user194@email.com,Los Angeles
195,Jane,Brown,user195@email.com,Chicago
196,Emily,Johnson,user196@email.com,Los Angeles
197,John,Johnson,user197@email.com,Miami
198,Emily,Williams,user198@email.com,Chicago
199,Chris,Johnson,user199@email.com,Los Angeles
200,Jane,Jones,user200@email.com,New York
